Dokument,Links,Keyword,Rechts
OCR 10. Ausgabe 1930-1.txt,t danabrü den februar der inden zu einem,boykott,der geschäffe der das landgericht zivilkammer il jüdischen
OCR 10. Ausgabe 1930-1.txt,geschichte und entwicklung versteht glaubt mit gewalt oder,boykott,sei etwa zu errei hsasbergen den djen oder
OCR 15. Ausgabe 1931-1.txt,lesen slawien vor einigen monaten den terror und,boykott,nen beten was bei ihnen bisshex man eine
OCR 22. Ausgabe 1930-1.txt,fritz jursch in o nab ü zu einen,boykott,der geschäfte der jüdischen bürger ds na den
OCR 22. Ausgabe 1930-1.txt,jofort u im zweifel dex eie mit dem,boykott,feine me jich daraus nwdeis gerade auf die
OCR 26. Ausgabe 1930-1-1.txt,auf freisprechung machen können wenn dr schier wird,boykottiert,weil es fast aussc liesslich von mart geldstrafe
OCR 26. Ausgabe 1930-1-1.txt,gen will sie ihre sc härffite gegnerschaft jüdische,boykott,liste kinderheim hartmann haus heil er das urteil
OCR 26. Ausgabe 1930-1-1.txt,in den bädern die von den juden nicht,boykottiert,wer kampforganisation den central verein deutscher kein deutsches
OCR 26. Ausgabe 1930-1-1.txt,kein deutsches gericht darf die juden wegen dieser,boykott,den herrlich erholen kann für neue drangsalierung des
OCR 30. Ausgabe 1930-1.txt,die zuden keine veranlassung zu grunde läge juden,boykott,deutscher gaststätten die zeugnisse bedeutender perfönlichkeiten der wettgeschichte
OCR 30. Ausgabe 1930-1.txt,yitate sein tums in ergänzung ihrer boykottliste zum,boykott,auf die redaktion weil ein restaurant mitgeteilt hat
OCR 30. Ausgabe 1930-1.txt,jüdische prepbengels dafür bezahlen uns einander verein zum,boykott,des betr restaurants aufzufordern zu ärgern bismarc restaurant
OCR 30. Ausgabe 1930-1.txt,ihr bekommt haargenau mit deutschfeindlich de t sonst,boykott,feine zigarren mehr donner und doria wo bleibt
OCR 45. Ausgabe 1930-1.txt,streik und verkauf grossvieh kälber schweine die preise,boykott,das sind unsere losungen nicht für pfd lebendgewicht
OCR 08. Ausgabe 1930-2.txt,jahres hungen und bverunglimpfungen der zuden zu einem,boykott,der geschäfte der jüdischen bürger osnabrü s aufzufordern
